Actual_EPA_Differential,Predicted_EPA_Differential,Prediction_Error
0.017362470106977744,0.01736247010697779,4.5102810375396984e-17
0.10586936676346878,0.10586936676346878,0.0
-0.13267259647809365,-0.13267259647809393,2.7755575615628914e-16
-0.0883692052196082,-0.08836920521960812,8.326672684688674e-17
0.18683030566986183,0.1868303056698619,5.551115123125783e-17
-0.07734496636075859,-0.07734496636075863,4.163336342344337e-17
-0.0546360363059706,-0.05463603630597031,2.914335439641036e-16
-0.012549614884843595,-0.012549614884843479,1.1622647289044608e-16
